use Investigadores;

INSERT INTO Facultad VALUES ('1','Facultad Medicina');
INSERT INTO Facultad VALUES ('2','Facultad Economica');
INSERT INTO Facultad VALUES ('3','Facultad Derecho');
INSERT INTO Facultad VALUES ('4','Facultad Ciencias');
INSERT INTO Facultad VALUES ('5','Facultad Artes y Diseño');
INSERT INTO Facultad VALUES ('6','Facultad Arquitectura');
INSERT INTO Facultad VALUES ('7','Facultad Contaduría y Administración');
INSERT INTO Facultad VALUES ('8','Facultad Ciencias Políticas y Sociales');
INSERT INTO Facultad VALUES ('9','Facultad Ingenieria');
INSERT INTO Facultad VALUES ('10','Filosofía y Letras');


INSERT INTO Investigadores VALUES ('39947367P','Maria Jimeno','1');
INSERT INTO Investigadores VALUES ('39862634K','Juanjo Garcia','2');
INSERT INTO Investigadores VALUES ('39886724J','Laia Montero','3');
INSERT INTO Investigadores VALUES ('39546238L','Manolo Lama','4');
INSERT INTO Investigadores VALUES ('39654327V','Aida Queralt','5');
INSERT INTO Investigadores VALUES ('35837362V','Mariano Sánchez','1');
INSERT INTO Investigadores VALUES ('35877246I','Nuria Porras','3');
INSERT INTO Investigadores VALUES ('41948855E','Jose Trigueros','5');
INSERT INTO Investigadores VALUES ('35982744Y','Pilar Frutos','4');
INSERT INTO Investigadores VALUES ('35066781A','Carmen Rodriguez','2');


INSERT INTO Equipos VALUES ('1A','Medicos','1');
INSERT INTO Equipos VALUES ('2A','Economistas','2');
INSERT INTO Equipos VALUES ('3A','Abogados','3');
INSERT INTO Equipos VALUES ('4A','Cientificos','4');
INSERT INTO Equipos VALUES ('1B','Artistas','5');
INSERT INTO Equipos VALUES ('2B','Arquitectos','6');
INSERT INTO Equipos VALUES ('3B','Administrativos','7');
INSERT INTO Equipos VALUES ('4B','Políticos','8');
INSERT INTO Equipos VALUES ('1C','Ingeniero','9');
INSERT INTO Equipos VALUES ('2C','Filosofo','10');


INSERT INTO Reserva VALUES ('1','39947367P','1A','2021-09-12','2022-05-20');
INSERT INTO Reserva VALUES ('2','39862634K','2A','2021-09-10','2022-05-22');
INSERT INTO Reserva VALUES ('3','39886724J','3A','2021-09-07','2022-05-15');
INSERT INTO Reserva VALUES ('4','39546238L','4A','2021-09-01','2022-06-20');
INSERT INTO Reserva VALUES ('5','39654327V','1B','2021-10-02','2022-04-22');
INSERT INTO Reserva VALUES ('6','35837362V','2B','2021-09-05','2022-04-27');
INSERT INTO Reserva VALUES ('7','35877246I','3A','2021-08-02','2022-06-21');
INSERT INTO Reserva VALUES ('8','41948855E','4A','2021-09-08','2022-05-05');
INSERT INTO Reserva VALUES ('9','35982744Y','1C','2021-09-10','2022-05-10');
INSERT INTO Reserva VALUES ('10','35066781A','2C','2021-09-12','2022-05-13');